,상품코드,상세페이지,이미지,가격
0,1833766346,http://item.gmarket.co.kr/Item?goodscode=1833766346&ver=638156174987365475,https://gdimg.gmarket.co.kr/1833766346/still/300?ver=2023032816,16900
1,1707731465,http://item.gmarket.co.kr/Item?goodscode=1707731465&ver=638156174987365475,https://gdimg.gmarket.co.kr/1707731465/still/300?ver=2023032816,14940
2,1894144268,http://item.gmarket.co.kr/Item?goodscode=1894144268&ver=638156174987365475,https://gdimg.gmarket.co.kr/1894144268/still/300?ver=2023032816,22500
3,1158321387,http://item.gmarket.co.kr/Item?goodscode=1158321387&ver=638156174987365475,https://gdimg.gmarket.co.kr/1158321387/still/300?ver=2023032816,32500
4,1827907353,http://item.gmarket.co.kr/Item?goodscode=1827907353&ver=638156174987365475,https://gdimg.gmarket.co.kr/1827907353/still/300?ver=2023032816,15000
5,1503717275,http://item.gmarket.co.kr/Item?goodscode=1503717275&ver=638156174987365475,https://gdimg.gmarket.co.kr/1503717275/still/300?ver=2023032816,16900
6,1157707109,http://item.gmarket.co.kr/Item?goodscode=1157707109&ver=638156174987365475,https://gdimg.gmarket.co.kr/1157707109/still/300?ver=2023032816,31500
7,2793776596,http://item.gmarket.co.kr/Item?goodscode=2793776596&ver=638156174987365475,https://gdimg.gmarket.co.kr/2793776596/still/300?ver=2023032816,10500
8,1798111271,http://item.gmarket.co.kr/Item?goodscode=1798111271&ver=638156174987365475,https://gdimg.gmarket.co.kr/1798111271/still/300?ver=2023032816,14900
9,2245630240,http://item.gmarket.co.kr/Item?goodscode=2245630240&ver=638156174987365475,https://gdimg.gmarket.co.kr/2245630240/still/300?ver=2023032816,23900
10,2505034450,http://item.gmarket.co.kr/Item?goodscode=2505034450&ver=638156174987365475,https://gdimg.gmarket.co.kr/2505034450/still/300?ver=2023032816,16900
11,2847745852,http://item.gmarket.co.kr/Item?goodscode=2847745852&ver=638156174987365475,https://gdimg.gmarket.co.kr/2847745852/still/300?ver=2023032816,22500
12,2317863111,http://item.gmarket.co.kr/Item?goodscode=2317863111&ver=638156174987365475,https://gdimg.gmarket.co.kr/2317863111/still/300?ver=2023032816,36700
13,2839548480,http://item.gmarket.co.kr/Item?goodscode=2839548480&ver=638156174987365475,https://gdimg.gmarket.co.kr/2839548480/still/300?ver=2023032816,16600
14,2300689888,http://item.gmarket.co.kr/Item?goodscode=2300689888&ver=638156174987365475,https://gdimg.gmarket.co.kr/2300689888/still/300?ver=2023032816,16100
15,2630133303,http://item.gmarket.co.kr/Item?goodscode=2630133303&ver=638156174987365475,https://gdimg.gmarket.co.kr/2630133303/still/300?ver=2023032816,34900
16,2352665228,http://item.gmarket.co.kr/Item?goodscode=2352665228&ver=638156174987365475,https://gdimg.gmarket.co.kr/2352665228/still/300?ver=2023032816,12900
17,1791763241,http://item.gmarket.co.kr/Item?goodscode=1791763241&ver=638156174987365475,https://gdimg.gmarket.co.kr/1791763241/still/300?ver=2023032816,118660
18,2365905636,http://item.gmarket.co.kr/Item?goodscode=2365905636&ver=638156174987365475,https://gdimg.gmarket.co.kr/2365905636/still/300?ver=2023032816,24900
19,1592768819,http://item.gmarket.co.kr/Item?goodscode=1592768819&ver=638156174987365475,https://gdimg.gmarket.co.kr/1592768819/still/300?ver=2023032816,14900
20,2760898851,http://item.gmarket.co.kr/Item?goodscode=2760898851&ver=638156174987365475,https://gdimg.gmarket.co.kr/2760898851/still/300?ver=2023032816,21500
21,2805355151,http://item.gmarket.co.kr/Item?goodscode=2805355151&ver=638156174987365475,https://gdimg.gmarket.co.kr/2805355151/still/300?ver=2023032816,24000
22,2391069387,http://item.gmarket.co.kr/Item?goodscode=2391069387&ver=638156174987365475,https://gdimg.gmarket.co.kr/2391069387/still/300?ver=2023032816,30900
23,1570842061,http://item.gmarket.co.kr/Item?goodscode=1570842061&ver=638156174987365475,https://gdimg.gmarket.co.kr/1570842061/still/300?ver=2023032816,9900
24,2762355924,http://item.gmarket.co.kr/Item?goodscode=2762355924&ver=638156174987365475,https://gdimg.gmarket.co.kr/2762355924/still/300?ver=2023032816,21500
25,2584905546,http://item.gmarket.co.kr/Item?goodscode=2584905546&ver=638156174987365475,https://gdimg.gmarket.co.kr/2584905546/still/300?ver=2023032816,19900
26,2176758460,http://item.gmarket.co.kr/Item?goodscode=2176758460&ver=638156174987365475,https://gdimg.gmarket.co.kr/2176758460/still/300?ver=2023032816,36900
27,2514308532,http://item.gmarket.co.kr/Item?goodscode=2514308532&ver=638156174987365475,https://gdimg.gmarket.co.kr/2514308532/still/300?ver=2023032816,29500
28,2543469101,http://item.gmarket.co.kr/Item?goodscode=2543469101&ver=638156174987365475,https://gdimg.gmarket.co.kr/2543469101/still/300?ver=2023032816,14900
29,1655242371,http://item.gmarket.co.kr/Item?goodscode=1655242371&ver=638156174987365475,https://gdimg.gmarket.co.kr/1655242371/still/300?ver=2023032816,95000
30,2429049781,http://item.gmarket.co.kr/Item?goodscode=2429049781&ver=638156174987365475,https://gdimg.gmarket.co.kr/2429049781/still/300?ver=2023032816,24200
31,2018007515,http://item.gmarket.co.kr/Item?goodscode=2018007515&ver=638156174987365475,https://gdimg.gmarket.co.kr/2018007515/still/300?ver=2023032816,27000
32,2511507258,http://item.gmarket.co.kr/Item?goodscode=2511507258&ver=638156174987365475,https://gdimg.gmarket.co.kr/2511507258/still/300?ver=2023032816,50600
33,2808997839,http://item.gmarket.co.kr/Item?goodscode=2808997839&ver=638156174987365475,https://gdimg.gmarket.co.kr/2808997839/still/300?ver=2023032816,9900
34,832114998,http://item.gmarket.co.kr/Item?goodscode=832114998&ver=638156174987365475,https://gdimg.gmarket.co.kr/832114998/still/300?ver=2023032816,16600
35,2490031978,http://item.gmarket.co.kr/Item?goodscode=2490031978&ver=638156174987365475,https://gdimg.gmarket.co.kr/2490031978/still/300?ver=2023032816,23600
36,1677520166,http://item.gmarket.co.kr/Item?goodscode=1677520166&ver=638156174987365475,https://gdimg.gmarket.co.kr/1677520166/still/300?ver=2023032816,16500
37,1296906433,http://item.gmarket.co.kr/Item?goodscode=1296906433&ver=638156174987365475,https://gdimg.gmarket.co.kr/1296906433/still/300?ver=2023032816,14800
38,2448035755,http://item.gmarket.co.kr/Item?goodscode=2448035755&ver=638156174987365475,https://gdimg.gmarket.co.kr/2448035755/still/300?ver=2023032816,13900
39,1635847712,http://item.gmarket.co.kr/Item?goodscode=1635847712&ver=638156174987365475,https://gdimg.gmarket.co.kr/1635847712/still/300?ver=2023032816,15900
40,2487711970,http://item.gmarket.co.kr/Item?goodscode=2487711970&ver=638156174987365475,https://gdimg.gmarket.co.kr/2487711970/still/300?ver=2023032816,12900
41,2504064183,http://item.gmarket.co.kr/Item?goodscode=2504064183&ver=638156174987365475,https://gdimg.gmarket.co.kr/2504064183/still/300?ver=2023032816,345000
42,2628342593,http://item.gmarket.co.kr/Item?goodscode=2628342593&ver=638156174987365475,https://gdimg.gmarket.co.kr/2628342593/still/300?ver=2023032816,17900
43,2844196927,http://item.gmarket.co.kr/Item?goodscode=2844196927&ver=638156174987365475,https://gdimg.gmarket.co.kr/2844196927/still/300?ver=2023032816,19900
44,1920684660,http://item.gmarket.co.kr/Item?goodscode=1920684660&ver=638156174987365475,https://gdimg.gmarket.co.kr/1920684660/still/300?ver=2023032816,21510
45,1954262117,http://item.gmarket.co.kr/Item?goodscode=1954262117&ver=638156174987365475,https://gdimg.gmarket.co.kr/1954262117/still/300?ver=2023032816,33000
46,2611953996,http://item.gmarket.co.kr/Item?goodscode=2611953996&ver=638156174987365475,https://gdimg.gmarket.co.kr/2611953996/still/300?ver=2023032816,23000
47,2007982106,http://item.gmarket.co.kr/Item?goodscode=2007982106&ver=638156174987365475,https://gdimg.gmarket.co.kr/2007982106/still/300?ver=2023032816,16900
48,1928561189,http://item.gmarket.co.kr/Item?goodscode=1928561189&ver=638156174987365475,https://gdimg.gmarket.co.kr/1928561189/still/300?ver=2023032816,26200
49,2544143516,http://item.gmarket.co.kr/Item?goodscode=2544143516&ver=638156174987365475,https://gdimg.gmarket.co.kr/2544143516/still/300?ver=2023032816,26900
50,2722476942,http://item.gmarket.co.kr/Item?goodscode=2722476942&ver=638156174987365475,https://gdimg.gmarket.co.kr/2722476942/still/300?ver=2023032816,17500
51,2722597474,http://item.gmarket.co.kr/Item?goodscode=2722597474&ver=638156174987365475,https://gdimg.gmarket.co.kr/2722597474/still/300?ver=2023032816,8900
52,2847684947,http://item.gmarket.co.kr/Item?goodscode=2847684947&ver=638156174987365475,https://gdimg.gmarket.co.kr/2847684947/still/300?ver=2023032816,9900
53,2061782268,http://item.gmarket.co.kr/Item?goodscode=2061782268&ver=638156174987365475,https://gdimg.gmarket.co.kr/2061782268/still/300?ver=2023032816,29900
54,2847712564,http://item.gmarket.co.kr/Item?goodscode=2847712564&ver=638156174987365475,https://gdimg.gmarket.co.kr/2847712564/still/300?ver=2023032816,31900
55,822806498,http://item.gmarket.co.kr/Item?goodscode=822806498&ver=638156174987365475,https://gdimg.gmarket.co.kr/822806498/still/300?ver=2023032816,38900
56,2470165735,http://item.gmarket.co.kr/Item?goodscode=2470165735&ver=638156174987365475,https://gdimg.gmarket.co.kr/2470165735/still/300?ver=2023032816,18900
57,2122159837,http://item.gmarket.co.kr/Item?goodscode=2122159837&ver=638156174987365475,https://gdimg.gmarket.co.kr/2122159837/still/300?ver=2023032816,41310
58,1464502915,http://item.gmarket.co.kr/Item?goodscode=1464502915&ver=638156174987365475,https://gdimg.gmarket.co.kr/1464502915/still/300?ver=2023032816,25900
59,1920642031,http://item.gmarket.co.kr/Item?goodscode=1920642031&ver=638156174987365475,https://gdimg.gmarket.co.kr/1920642031/still/300?ver=2023032816,47900
60,1598649660,http://item.gmarket.co.kr/Item?goodscode=1598649660&ver=638156174987365475,https://gdimg.gmarket.co.kr/1598649660/still/300?ver=2023032816,29900
61,2809510617,http://item.gmarket.co.kr/Item?goodscode=2809510617&ver=638156174987365475,https://gdimg.gmarket.co.kr/2809510617/still/300?ver=2023032816,22900
62,484828506,http://item.gmarket.co.kr/Item?goodscode=484828506&ver=638156174987365475,https://gdimg.gmarket.co.kr/484828506/still/300?ver=2023032816,22900
63,2865732841,http://item.gmarket.co.kr/Item?goodscode=2865732841&ver=638156174987365475,https://gdimg.gmarket.co.kr/2865732841/still/300?ver=2023032816,24420
64,2624877870,http://item.gmarket.co.kr/Item?goodscode=2624877870&ver=638156174987365475,https://gdimg.gmarket.co.kr/2624877870/still/300?ver=2023032816,14900
65,2859925280,http://item.gmarket.co.kr/Item?goodscode=2859925280&ver=638156174987365475,https://gdimg.gmarket.co.kr/2859925280/still/300?ver=2023032816,21000
66,2510397348,http://item.gmarket.co.kr/Item?goodscode=2510397348&ver=638156174987365475,https://gdimg.gmarket.co.kr/2510397348/still/300?ver=2023032816,31950
67,2763765853,http://item.gmarket.co.kr/Item?goodscode=2763765853&ver=638156174987365475,https://gdimg.gmarket.co.kr/2763765853/still/300?ver=2023032816,7900
68,2257580522,http://item.gmarket.co.kr/Item?goodscode=2257580522&ver=638156174987365475,https://gdimg.gmarket.co.kr/2257580522/still/300?ver=2023032816,20900
69,1651273917,http://item.gmarket.co.kr/Item?goodscode=1651273917&ver=638156174987365475,https://gdimg.gmarket.co.kr/1651273917/still/300?ver=2023032816,38170
70,153279336,http://item.gmarket.co.kr/Item?goodscode=153279336&ver=638156174987365475,https://gdimg.gmarket.co.kr/153279336/still/300?ver=2023032816,32040
71,2219385779,http://item.gmarket.co.kr/Item?goodscode=2219385779&ver=638156174987365475,https://gdimg.gmarket.co.kr/2219385779/still/300?ver=2023032816,20280
72,2859764769,http://item.gmarket.co.kr/Item?goodscode=2859764769&ver=638156174987365475,https://gdimg.gmarket.co.kr/2859764769/still/300?ver=2023032816,13500
73,2006102802,http://item.gmarket.co.kr/Item?goodscode=2006102802&ver=638156174987365475,https://gdimg.gmarket.co.kr/2006102802/still/300?ver=2023032816,9900
74,1445154131,http://item.gmarket.co.kr/Item?goodscode=1445154131&ver=638156174987365475,https://gdimg.gmarket.co.kr/1445154131/still/300?ver=2023032816,76300
75,447292392,http://item.gmarket.co.kr/Item?goodscode=447292392&ver=638156174987365475,https://gdimg.gmarket.co.kr/447292392/still/300?ver=2023032816,41800
76,2595261633,http://item.gmarket.co.kr/Item?goodscode=2595261633&ver=638156174987365475,https://gdimg.gmarket.co.kr/2595261633/still/300?ver=2023032816,25900
77,2444141565,http://item.gmarket.co.kr/Item?goodscode=2444141565&ver=638156174987365475,https://gdimg.gmarket.co.kr/2444141565/still/300?ver=2023032816,26900
78,2847751465,http://item.gmarket.co.kr/Item?goodscode=2847751465&ver=638156174987365475,https://gdimg.gmarket.co.kr/2847751465/still/300?ver=2023032816,22500
79,2352273475,http://item.gmarket.co.kr/Item?goodscode=2352273475&ver=638156174987365475,https://gdimg.gmarket.co.kr/2352273475/still/300?ver=2023032816,11900
80,900637906,http://item.gmarket.co.kr/Item?goodscode=900637906&ver=638156174987365475,https://gdimg.gmarket.co.kr/900637906/still/300?ver=2023032816,12900
81,1486746057,http://item.gmarket.co.kr/Item?goodscode=1486746057&ver=638156174987365475,https://gdimg.gmarket.co.kr/1486746057/still/300?ver=2023032816,30500
82,1124083462,http://item.gmarket.co.kr/Item?goodscode=1124083462&ver=638156174987365475,https://gdimg.gmarket.co.kr/1124083462/still/300?ver=2023032816,13900
83,2476944118,http://item.gmarket.co.kr/Item?goodscode=2476944118&ver=638156174987365475,https://gdimg.gmarket.co.kr/2476944118/still/300?ver=2023032816,10900
84,1579104167,http://item.gmarket.co.kr/Item?goodscode=1579104167&ver=638156174987365475,https://gdimg.gmarket.co.kr/1579104167/still/300?ver=2023032816,21900
85,1655241628,http://item.gmarket.co.kr/Item?goodscode=1655241628&ver=638156174987365475,https://gdimg.gmarket.co.kr/1655241628/still/300?ver=2023032816,28500
86,117316365,http://item.gmarket.co.kr/Item?goodscode=117316365&ver=638156174987365475,https://gdimg.gmarket.co.kr/117316365/still/300?ver=2023032816,58900
87,2500848672,http://item.gmarket.co.kr/Item?goodscode=2500848672&ver=638156174987365475,https://gdimg.gmarket.co.kr/2500848672/still/300?ver=2023032816,10000
88,2865749704,http://item.gmarket.co.kr/Item?goodscode=2865749704&ver=638156174987365475,https://gdimg.gmarket.co.kr/2865749704/still/300?ver=2023032816,54000
89,2848258128,http://item.gmarket.co.kr/Item?goodscode=2848258128&ver=638156174987365475,https://gdimg.gmarket.co.kr/2848258128/still/300?ver=2023032816,31880
90,2832698785,http://item.gmarket.co.kr/Item?goodscode=2832698785&ver=638156174987365475,https://gdimg.gmarket.co.kr/2832698785/still/300?ver=2023032816,23900
91,2841816366,http://item.gmarket.co.kr/Item?goodscode=2841816366&ver=638156174987365475,https://gdimg.gmarket.co.kr/2841816366/still/300?ver=2023032816,52000
92,1145554165,http://item.gmarket.co.kr/Item?goodscode=1145554165&ver=638156174987365475,https://gdimg.gmarket.co.kr/1145554165/still/300?ver=2023032816,52500
93,2809755481,http://item.gmarket.co.kr/Item?goodscode=2809755481&ver=638156174987365475,https://gdimg.gmarket.co.kr/2809755481/still/300?ver=2023032816,103200
94,1920641521,http://item.gmarket.co.kr/Item?goodscode=1920641521&ver=638156174987365475,https://gdimg.gmarket.co.kr/1920641521/still/300?ver=2023032816,45900
95,2853715505,http://item.gmarket.co.kr/Item?goodscode=2853715505&ver=638156174987365475,https://gdimg.gmarket.co.kr/2853715505/still/300?ver=2023032816,22550
96,2098259811,http://item.gmarket.co.kr/Item?goodscode=2098259811&ver=638156174987365475,https://gdimg.gmarket.co.kr/2098259811/still/300?ver=2023032816,30900
97,1789099739,http://item.gmarket.co.kr/Item?goodscode=1789099739&ver=638156174987365475,https://gdimg.gmarket.co.kr/1789099739/still/300?ver=2023032816,24900
98,1778760847,http://item.gmarket.co.kr/Item?goodscode=1778760847&ver=638156174987365475,https://gdimg.gmarket.co.kr/1778760847/still/300?ver=2023032816,21000
99,2839934185,http://item.gmarket.co.kr/Item?goodscode=2839934185&ver=638156174987365475,https://gdimg.gmarket.co.kr/2839934185/still/300?ver=2023032816,179000
100,2839627554,http://item.gmarket.co.kr/Item?goodscode=2839627554&ver=638156174987365475,https://gdimg.gmarket.co.kr/2839627554/still/300?ver=2023032816,53620
101,2219126747,http://item.gmarket.co.kr/Item?goodscode=2219126747&ver=638156174987365475,https://gdimg.gmarket.co.kr/2219126747/still/300?ver=2023032816,82500
102,2522267922,http://item.gmarket.co.kr/Item?goodscode=2522267922&ver=638156174987365475,https://gdimg.gmarket.co.kr/2522267922/still/300?ver=2023032816,44900
103,2316892877,http://item.gmarket.co.kr/Item?goodscode=2316892877&ver=638156174987365475,https://gdimg.gmarket.co.kr/2316892877/still/300?ver=2023032816,25920
104,2159515070,http://item.gmarket.co.kr/Item?goodscode=2159515070&ver=638156174987365475,https://gdimg.gmarket.co.kr/2159515070/still/300?ver=2023032816,42900
105,2842342253,http://item.gmarket.co.kr/Item?goodscode=2842342253&ver=638156174987365475,https://gdimg.gmarket.co.kr/2842342253/still/300?ver=2023032816,12900
106,2853387064,http://item.gmarket.co.kr/Item?goodscode=2853387064&ver=638156174987365475,https://gdimg.gmarket.co.kr/2853387064/still/300?ver=2023032816,67550
107,2511122332,http://item.gmarket.co.kr/Item?goodscode=2511122332&ver=638156174987365475,https://gdimg.gmarket.co.kr/2511122332/still/300?ver=2023032816,31200
108,2184819687,http://item.gmarket.co.kr/Item?goodscode=2184819687&ver=638156174987365475,https://gdimg.gmarket.co.kr/2184819687/still/300?ver=2023032816,17000
109,1577364431,http://item.gmarket.co.kr/Item?goodscode=1577364431&ver=638156174987365475,https://gdimg.gmarket.co.kr/1577364431/still/300?ver=2023032816,35700
110,363495418,http://item.gmarket.co.kr/Item?goodscode=363495418&ver=638156174987365475,https://gdimg.gmarket.co.kr/363495418/still/300?ver=2023032816,22900
111,2802269017,http://item.gmarket.co.kr/Item?goodscode=2802269017&ver=638156174987365475,https://gdimg.gmarket.co.kr/2802269017/still/300?ver=2023032816,11100
112,1655242060,http://item.gmarket.co.kr/Item?goodscode=1655242060&ver=638156174987365475,https://gdimg.gmarket.co.kr/1655242060/still/300?ver=2023032816,47500
113,1782687491,http://item.gmarket.co.kr/Item?goodscode=1782687491&ver=638156174987365475,https://gdimg.gmarket.co.kr/1782687491/still/300?ver=2023032816,49000
114,1478154564,http://item.gmarket.co.kr/Item?goodscode=1478154564&ver=638156174987365475,https://gdimg.gmarket.co.kr/1478154564/still/300?ver=2023032816,27900
115,2163000991,http://item.gmarket.co.kr/Item?goodscode=2163000991&ver=638156174987365475,https://gdimg.gmarket.co.kr/2163000991/still/300?ver=2023032816,43900
116,2577615040,http://item.gmarket.co.kr/Item?goodscode=2577615040&ver=638156174987365475,https://gdimg.gmarket.co.kr/2577615040/still/300?ver=2023032816,18000
117,2368137166,http://item.gmarket.co.kr/Item?goodscode=2368137166&ver=638156174987365475,https://gdimg.gmarket.co.kr/2368137166/still/300?ver=2023032816,31900
118,2858113777,http://item.gmarket.co.kr/Item?goodscode=2858113777&ver=638156174987365475,https://gdimg.gmarket.co.kr/2858113777/still/300?ver=2023032816,7900
119,1886792777,http://item.gmarket.co.kr/Item?goodscode=1886792777&ver=638156174987365475,https://gdimg.gmarket.co.kr/1886792777/still/300?ver=2023032816,19920
120,2778876733,http://item.gmarket.co.kr/Item?goodscode=2778876733&ver=638156174987365475,https://gdimg.gmarket.co.kr/2778876733/still/300?ver=2023032816,14900
121,777247382,http://item.gmarket.co.kr/Item?goodscode=777247382&ver=638156174987365475,https://gdimg.gmarket.co.kr/777247382/still/300?ver=2023032816,16900
122,161267854,http://item.gmarket.co.kr/Item?goodscode=161267854&ver=638156174987365475,https://gdimg.gmarket.co.kr/161267854/still/300?ver=2023032816,29970
123,901925478,http://item.gmarket.co.kr/Item?goodscode=901925478&ver=638156174987365475,https://gdimg.gmarket.co.kr/901925478/still/300?ver=2023032816,30500
124,2386522093,http://item.gmarket.co.kr/Item?goodscode=2386522093&ver=638156174987365475,https://gdimg.gmarket.co.kr/2386522093/still/300?ver=2023032816,26500
125,1635823299,http://item.gmarket.co.kr/Item?goodscode=1635823299&ver=638156174987365475,https://gdimg.gmarket.co.kr/1635823299/still/300?ver=2023032816,34390
126,2342956834,http://item.gmarket.co.kr/Item?goodscode=2342956834&ver=638156174987365475,https://gdimg.gmarket.co.kr/2342956834/still/300?ver=2023032816,389000
127,2520835811,http://item.gmarket.co.kr/Item?goodscode=2520835811&ver=638156174987365475,https://gdimg.gmarket.co.kr/2520835811/still/300?ver=2023032816,28500
128,2382672350,http://item.gmarket.co.kr/Item?goodscode=2382672350&ver=638156174987365475,https://gdimg.gmarket.co.kr/2382672350/still/300?ver=2023032816,34280
129,2866200446,http://item.gmarket.co.kr/Item?goodscode=2866200446&ver=638156174987365475,https://gdimg.gmarket.co.kr/2866200446/still/300?ver=2023032816,79800
130,2179332383,http://item.gmarket.co.kr/Item?goodscode=2179332383&ver=638156174987365475,https://gdimg.gmarket.co.kr/2179332383/still/300?ver=2023032816,13900
131,2859382034,http://item.gmarket.co.kr/Item?goodscode=2859382034&ver=638156174987365475,https://gdimg.gmarket.co.kr/2859382034/still/300?ver=2023032816,53760
132,2328254013,http://item.gmarket.co.kr/Item?goodscode=2328254013&ver=638156174987365475,https://gdimg.gmarket.co.kr/2328254013/still/300?ver=2023032816,27970
133,1782686958,http://item.gmarket.co.kr/Item?goodscode=1782686958&ver=638156174987365475,https://gdimg.gmarket.co.kr/1782686958/still/300?ver=2023032816,29400
134,2442745721,http://item.gmarket.co.kr/Item?goodscode=2442745721&ver=638156174987365475,https://gdimg.gmarket.co.kr/2442745721/still/300?ver=2023032816,44640
135,1759610831,http://item.gmarket.co.kr/Item?goodscode=1759610831&ver=638156174987365475,https://gdimg.gmarket.co.kr/1759610831/still/300?ver=2023032816,11900
136,2117437848,http://item.gmarket.co.kr/Item?goodscode=2117437848&ver=638156174987365475,https://gdimg.gmarket.co.kr/2117437848/still/300?ver=2023032816,22900
137,2847721377,http://item.gmarket.co.kr/Item?goodscode=2847721377&ver=638156174987365475,https://gdimg.gmarket.co.kr/2847721377/still/300?ver=2023032816,31900
138,2855164895,http://item.gmarket.co.kr/Item?goodscode=2855164895&ver=638156174987365475,https://gdimg.gmarket.co.kr/2855164895/still/300?ver=2023032816,26600
139,2843735797,http://item.gmarket.co.kr/Item?goodscode=2843735797&ver=638156174987365475,https://gdimg.gmarket.co.kr/2843735797/still/300?ver=2023032816,23900
140,668196044,http://item.gmarket.co.kr/Item?goodscode=668196044&ver=638156174987365475,https://gdimg.gmarket.co.kr/668196044/still/300?ver=2023032816,29700
141,1654805524,http://item.gmarket.co.kr/Item?goodscode=1654805524&ver=638156174987365475,https://gdimg.gmarket.co.kr/1654805524/still/300?ver=2023032816,9500
142,2258516897,http://item.gmarket.co.kr/Item?goodscode=2258516897&ver=638156174987365475,https://gdimg.gmarket.co.kr/2258516897/still/300?ver=2023032816,59200
143,2016876637,http://item.gmarket.co.kr/Item?goodscode=2016876637&ver=638156174987365475,https://gdimg.gmarket.co.kr/2016876637/still/300?ver=2023032816,16870
144,1579106890,http://item.gmarket.co.kr/Item?goodscode=1579106890&ver=638156174987365475,https://gdimg.gmarket.co.kr/1579106890/still/300?ver=2023032816,21900
145,2732035226,http://item.gmarket.co.kr/Item?goodscode=2732035226&ver=638156174987365475,https://gdimg.gmarket.co.kr/2732035226/still/300?ver=2023032816,22800
146,2330311773,http://item.gmarket.co.kr/Item?goodscode=2330311773&ver=638156174987365475,https://gdimg.gmarket.co.kr/2330311773/still/300?ver=2023032816,21900
147,2482060221,http://item.gmarket.co.kr/Item?goodscode=2482060221&ver=638156174987365475,https://gdimg.gmarket.co.kr/2482060221/still/300?ver=2023032816,22500
148,1578966236,http://item.gmarket.co.kr/Item?goodscode=1578966236&ver=638156174987365475,https://gdimg.gmarket.co.kr/1578966236/still/300?ver=2023032816,16700
149,1655243018,http://item.gmarket.co.kr/Item?goodscode=1655243018&ver=638156174987365475,https://gdimg.gmarket.co.kr/1655243018/still/300?ver=2023032816,190000
150,2831632611,http://item.gmarket.co.kr/Item?goodscode=2831632611&ver=638156174987365475,https://gdimg.gmarket.co.kr/2831632611/still/300?ver=2023032816,8900
151,2388582622,http://item.gmarket.co.kr/Item?goodscode=2388582622&ver=638156174987365475,https://gdimg.gmarket.co.kr/2388582622/still/300?ver=2023032816,35400
152,162288581,http://item.gmarket.co.kr/Item?goodscode=162288581&ver=638156174987365475,https://gdimg.gmarket.co.kr/162288581/still/300?ver=2023032816,29800
153,1605115571,http://item.gmarket.co.kr/Item?goodscode=1605115571&ver=638156174987365475,https://gdimg.gmarket.co.kr/1605115571/still/300?ver=2023032816,39900
154,1899276489,http://item.gmarket.co.kr/Item?goodscode=1899276489&ver=638156174987365475,https://gdimg.gmarket.co.kr/1899276489/still/300?ver=2023032816,34900
155,2808783843,http://item.gmarket.co.kr/Item?goodscode=2808783843&ver=638156174987365475,https://gdimg.gmarket.co.kr/2808783843/still/300?ver=2023032816,42900
156,2815547390,http://item.gmarket.co.kr/Item?goodscode=2815547390&ver=638156174987365475,https://gdimg.gmarket.co.kr/2815547390/still/300?ver=2023032816,19600
157,2857818443,http://item.gmarket.co.kr/Item?goodscode=2857818443&ver=638156174987365475,https://gdimg.gmarket.co.kr/2857818443/still/300?ver=2023032816,9900
158,1667637975,http://item.gmarket.co.kr/Item?goodscode=1667637975&ver=638156174987365475,https://gdimg.gmarket.co.kr/1667637975/still/300?ver=2023032816,20970
159,2370069727,http://item.gmarket.co.kr/Item?goodscode=2370069727&ver=638156174987365475,https://gdimg.gmarket.co.kr/2370069727/still/300?ver=2023032816,21120
160,2316903829,http://item.gmarket.co.kr/Item?goodscode=2316903829&ver=638156174987365475,https://gdimg.gmarket.co.kr/2316903829/still/300?ver=2023032816,19200
161,2451432200,http://item.gmarket.co.kr/Item?goodscode=2451432200&ver=638156174987365475,https://gdimg.gmarket.co.kr/2451432200/still/300?ver=2023032816,23900
162,2043918732,http://item.gmarket.co.kr/Item?goodscode=2043918732&ver=638156174987365475,https://gdimg.gmarket.co.kr/2043918732/still/300?ver=2023032816,16600
163,2763730762,http://item.gmarket.co.kr/Item?goodscode=2763730762&ver=638156174987365475,https://gdimg.gmarket.co.kr/2763730762/still/300?ver=2023032816,7900
164,462942360,http://item.gmarket.co.kr/Item?goodscode=462942360&ver=638156174987365475,https://gdimg.gmarket.co.kr/462942360/still/300?ver=2023032816,9500
165,2698246977,http://item.gmarket.co.kr/Item?goodscode=2698246977&ver=638156174987365475,https://gdimg.gmarket.co.kr/2698246977/still/300?ver=2023032816,13600
166,2353774645,http://item.gmarket.co.kr/Item?goodscode=2353774645&ver=638156174987365475,https://gdimg.gmarket.co.kr/2353774645/still/300?ver=2023032816,48340
167,1821519273,http://item.gmarket.co.kr/Item?goodscode=1821519273&ver=638156174987365475,https://gdimg.gmarket.co.kr/1821519273/still/300?ver=2023032816,42000
168,2099999838,http://item.gmarket.co.kr/Item?goodscode=2099999838&ver=638156174987365475,https://gdimg.gmarket.co.kr/2099999838/still/300?ver=2023032816,17900
169,2247643749,http://item.gmarket.co.kr/Item?goodscode=2247643749&ver=638156174987365475,https://gdimg.gmarket.co.kr/2247643749/still/300?ver=2023032816,35000
170,1567166438,http://item.gmarket.co.kr/Item?goodscode=1567166438&ver=638156174987365475,https://gdimg.gmarket.co.kr/1567166438/still/300?ver=2023032816,28900
171,2429045798,http://item.gmarket.co.kr/Item?goodscode=2429045798&ver=638156174987365475,https://gdimg.gmarket.co.kr/2429045798/still/300?ver=2023032816,23600
172,2412883938,http://item.gmarket.co.kr/Item?goodscode=2412883938&ver=638156174987365475,https://gdimg.gmarket.co.kr/2412883938/still/300?ver=2023032816,14500
173,1317258217,http://item.gmarket.co.kr/Item?goodscode=1317258217&ver=638156174987365475,https://gdimg.gmarket.co.kr/1317258217/still/300?ver=2023032816,45310
174,2743780989,http://item.gmarket.co.kr/Item?goodscode=2743780989&ver=638156174987365475,https://gdimg.gmarket.co.kr/2743780989/still/300?ver=2023032816,96040
175,2727146289,http://item.gmarket.co.kr/Item?goodscode=2727146289&ver=638156174987365475,https://gdimg.gmarket.co.kr/2727146289/still/300?ver=2023032816,39900
176,2597027807,http://item.gmarket.co.kr/Item?goodscode=2597027807&ver=638156174987365475,https://gdimg.gmarket.co.kr/2597027807/still/300?ver=2023032816,45000
177,2848303903,http://item.gmarket.co.kr/Item?goodscode=2848303903&ver=638156174987365475,https://gdimg.gmarket.co.kr/2848303903/still/300?ver=2023032816,69900
178,1433855491,http://item.gmarket.co.kr/Item?goodscode=1433855491&ver=638156174987365475,https://gdimg.gmarket.co.kr/1433855491/still/300?ver=2023032816,11900
179,2643443284,http://item.gmarket.co.kr/Item?goodscode=2643443284&ver=638156174987365475,https://gdimg.gmarket.co.kr/2643443284/still/300?ver=2023032816,12900
180,1905701605,http://item.gmarket.co.kr/Item?goodscode=1905701605&ver=638156174987365475,https://gdimg.gmarket.co.kr/1905701605/still/300?ver=2023032816,22900
181,2482142576,http://item.gmarket.co.kr/Item?goodscode=2482142576&ver=638156174987365475,https://gdimg.gmarket.co.kr/2482142576/still/300?ver=2023032816,22500
182,2102040109,http://item.gmarket.co.kr/Item?goodscode=2102040109&ver=638156174987365475,https://gdimg.gmarket.co.kr/2102040109/still/300?ver=2023032816,32900
183,1510637585,http://item.gmarket.co.kr/Item?goodscode=1510637585&ver=638156174987365475,https://gdimg.gmarket.co.kr/1510637585/still/300?ver=2023032816,16900
184,2619728611,http://item.gmarket.co.kr/Item?goodscode=2619728611&ver=638156174987365475,https://gdimg.gmarket.co.kr/2619728611/still/300?ver=2023032816,15400
185,1688878141,http://item.gmarket.co.kr/Item?goodscode=1688878141&ver=638156174987365475,https://gdimg.gmarket.co.kr/1688878141/still/300?ver=2023032816,12900
186,1779696398,http://item.gmarket.co.kr/Item?goodscode=1779696398&ver=638156174987365475,https://gdimg.gmarket.co.kr/1779696398/still/300?ver=2023032816,11180
187,1604479096,http://item.gmarket.co.kr/Item?goodscode=1604479096&ver=638156174987365475,https://gdimg.gmarket.co.kr/1604479096/still/300?ver=2023032816,10900
188,1942817063,http://item.gmarket.co.kr/Item?goodscode=1942817063&ver=638156174987365475,https://gdimg.gmarket.co.kr/1942817063/still/300?ver=2023032816,30470
189,2098226446,http://item.gmarket.co.kr/Item?goodscode=2098226446&ver=638156174987365475,https://gdimg.gmarket.co.kr/2098226446/still/300?ver=2023032816,35010
190,1554561741,http://item.gmarket.co.kr/Item?goodscode=1554561741&ver=638156174987365475,https://gdimg.gmarket.co.kr/1554561741/still/300?ver=2023032816,19900
191,2207925356,http://item.gmarket.co.kr/Item?goodscode=2207925356&ver=638156174987365475,https://gdimg.gmarket.co.kr/2207925356/still/300?ver=2023032816,31900
192,2857388710,http://item.gmarket.co.kr/Item?goodscode=2857388710&ver=638156174987365475,https://gdimg.gmarket.co.kr/2857388710/still/300?ver=2023032816,494280
193,2742175716,http://item.gmarket.co.kr/Item?goodscode=2742175716&ver=638156174987365475,https://gdimg.gmarket.co.kr/2742175716/still/300?ver=2023032816,23120
194,203771527,http://item.gmarket.co.kr/Item?goodscode=203771527&ver=638156174987365475,https://gdimg.gmarket.co.kr/203771527/still/300?ver=2023032816,45900
195,2072395595,http://item.gmarket.co.kr/Item?goodscode=2072395595&ver=638156174987365475,https://gdimg.gmarket.co.kr/2072395595/still/300?ver=2023032816,112500
196,2258233297,http://item.gmarket.co.kr/Item?goodscode=2258233297&ver=638156174987365475,https://gdimg.gmarket.co.kr/2258233297/still/300?ver=2023032816,27120
197,2396128691,http://item.gmarket.co.kr/Item?goodscode=2396128691&ver=638156174987365475,https://gdimg.gmarket.co.kr/2396128691/still/300?ver=2023032816,53900
198,2545042354,http://item.gmarket.co.kr/Item?goodscode=2545042354&ver=638156174987365475,https://gdimg.gmarket.co.kr/2545042354/still/300?ver=2023032816,25500
199,1473892242,http://item.gmarket.co.kr/Item?goodscode=1473892242&ver=638156174987365475,https://gdimg.gmarket.co.kr/1473892242/still/300?ver=2023032816,30900
